<?xml version="1.0" encoding="utf-8"?>

<!--
@name     Coupon After Tax|Journal
@author   Andrii Burkatskyi, ocmod.space@gmail.com
@version  1.1.0
@link     https://www.opencart.com/index.php?route=marketplace/extension/info&extension_id=39859
@link     https://github.com/ocmod-space/ocmod-coupon-after-tax
@licence  https://raw.githubusercontent.com/ocmod-space/ocmod-coupon-after-tax/main/EULA.txt
-->

<modification>
    <name>#ocmod.space: coupon-after-tax|journal</name>
    <code>coupon-after-tax--journal</code>
    <version>1.1.0</version>
    <author>Andrii Burkatskyi</author>
    <link>https://www.opencart.com/index.php?route=marketplace/extension&amp;filter_member=ocmod.space</link>
    <file error="log" path="catalog/model/journal3/checkout.php">
        <operation error="log">
            <search>
                <![CDATA[$results = $this->model_setting_extension->getExtensions('total');]]>
            </search>
            <add position="after">
                <![CDATA[			/// <<< coupon-after-tax|journal
			if ($this->config->get('total_coupon_status') && $this->config->get('total_coupon_after_tax')) {
				$tax_order = (int)$this->config->get('total_tax_sort_order');
				$tot_order = (int)$this->config->get('total_total_sort_order');
				$mod_order = (int)$this->config->get('total_coupon_sort_order');

				if ($mod_order <= $tax_order) {
					$this->config->set('total_coupon_sort_order', $tax_order + 1);

					if ($mod_order >= $tot_order) {
						$this->config->set('total_total_sort_order', $tot_order + 10);
					}
				}
			}
			/// >>> coupon-after-tax|journal]]>
            </add>
        </operation>
    </file>
</modification>
