<?xml version="1.0" encoding="utf-8"?>

<!--
@name     Coupon After Tax|Fixed Taxes
@author   Andrii Burkatskyi, ocmod.space@gmail.com
@version  1.1.0
@link     https://www.opencart.com/index.php?route=marketplace/extension/info&extension_id=39859
@link     https://github.com/ocmod-space/ocmod-coupon-after-tax
@licence  https://raw.githubusercontent.com/ocmod-space/ocmod-coupon-after-tax/main/EULA.txt
-->

<modification>
    <name>#ocmod.space: coupon-after-tax|fixed-taxes</name>
    <code>coupon-after-tax--fixed-taxes</code>
    <version>1.1.0</version>
    <author>Andrii Burkatskyi</author>
    <link>https://www.opencart.com/index.php?route=marketplace/extension&amp;filter_member=ocmod.space</link>
	<file path="catalog/model/extension/total/coupon.php" error="log">
		<operation error="log">
			<search>
				<![CDATA[foreach ($discount_tax_rates as $tax_rate) {]]>
			</search>
			<add position="after">
				<![CDATA[										/// <<< coupon-after-tax|fixed-taxes
										if ($tax_rate['type'] == 'F') {
											$discount += $product['quantity'] * $tax_rate['amount'] * $coupon_info['discount'] / 100;
										}
										/// >>> coupon-after-tax|fixed-taxes]]>
			</add>
		</operation>
	</file>

</modification>
