<?xml version="1.0" encoding="utf-8"?>

<!--
This file is subject to the terms and conditions defined in the "LICENSE.txt"
file, which is part of this source code package and is also available on the
page: https://raw.githubusercontent.com/ocmod-space/license/main/LICENSE.txt.
-->

<modification>
	<name>[underr] Coupon After Tax > Fixed Taxes</name>
	<code>coupon-after-tax--fixed-taxes</code>
	<version>1.0.0</version>
	<author>Andrii Burkatskyi aka underr</author>
	<link>https://www.opencart.com/index.php?route=marketplace/extension&amp;filter_member=ocmod.space</link>
	<file path="catalog/model/extension/total/coupon.php" error="log">
		<operation error="log">
			<search>
				<![CDATA[foreach ($discount_tax_rates as $tax_rate) {]]>
			</search>
			<add position="after">
				<![CDATA[										/// <<< Fixed Taxes
										if ($tax_rate['type'] == 'F') {
											$discount += $product['quantity'] * $tax_rate['amount'] * $coupon_info['discount'] / 100;
										}
										/// Fixed Taxes >>>]]>
			</add>
		</operation>
	</file>

</modification>
